客戶編號,年齡,性別,加入日期,最後購買日期,總訂單數,總消費金額,流失狀態,平均訂單價值,距上次購買天數,AgeWasImputed,AvgOrderValueIssue
C0001,51.0,Male,2024-11-17,2026-03-25,10,4201,0,420.1,150,False,
C0002,70.0,Female,2025-07-04,2025-12-09,33,18457,0,559.3,256,False,
C0003,42.0,Male,2024-11-27,2025-09-02,7,17407,0,2486.71,354,False,
C0004,42.0,Male,2022-08-25,2026-07-03,11,22393,0,2035.73,50,False,
C0005,72.0,Male,2024-10-10,2025-09-16,33,37681,0,1141.85,340,False,
C0006,45.0,Female,2021-12-08,2026-02-08,14,34543,1,2467.36,195,False,
C0007,25.0,Female,2022-05-09,2025-05-14,18,58136,1,3229.78,465,False,
C0008,22.0,Male,2021-05-17,2025-03-20,28,77452,0,2766.14,520,False,
C0009,67.0,Male,2025-09-29,2026-05-31,43,171155,0,3980.35,83,False,
C0010,43.0,Male,2024-03-01,2026-07-16,23,120120,0,5222.61,37,False,
C0011,71.0,Female,2021-12-24,2025-06-06,40,125898,0,3147.45,442,False,
C0012,35.0,Male,2024-05-31,2025-09-14,37,195668,1,5288.32,342,False,
C0013,35.0,Male,2022-06-29,2025-06-16,27,44529,0,1649.22,432,False,
C0014,48.0,Female,2022-04-01,2025-04-05,1,2739,1,2739.0,504,False,
C0015,50.0,Male,2023-05-26,2025-03-29,9,38404,0,4267.11,511,False,
C0016,49.0,Female,2024-08-24,2026-04-27,12,56424,0,4702.0,117,False,
C0017,29.0,Male,2024-04-25,2025-04-18,7,17785,1,2540.71,491,False,
C0018,37.0,Female,2021-06-26,2026-04-07,9,47095,0,5232.78,137,False,
C0019,46.0,Male,2021-11-23,2026-07-27,10,42523,0,4252.3,26,False,
C0020,36.0,Female,2021-04-28,2025-11-22,15,66540,1,4436.0,273,False,
C0021,19.0,Male,2024-07-16,2025-03-29,8,28849,1,3606.12,511,False,
C0022,37.0,Male,2025-09-19,2026-05-31,33,21589,1,654.21,83,False,
C0023,75.0,Male,2024-05-13,2025-11-18,37,95600,0,2583.78,277,False,
C0024,50.0,Female,2023-04-09,2025-08-05,39,99864,0,2560.62,382,False,
C0025,33.0,Female,2024-11-22,2025-09-08,5,20766,1,4153.2,348,False,
C0026,71.0,Male,2025-04-19,2025-10-06,32,31347,1,979.59,320,False,
C0027,47.0,Male,2024-03-21,2026-06-09,2,7372,1,3686.0,74,False,
C0028,19.0,Female,2024-07-10,2026-03-25,35,140668,0,4019.09,150,False,
C0029,23.0,Female,2022-06-22,2026-06-11,45,164705,0,3660.11,72,False,
C0030,19.0,Male,2022-02-19,2026-04-12,3,1519,0,506.33,132,False,
C0031,35.0,Female,2021-11-05,2025-09-17,17,49539,1,2914.06,339,False,
C0032,20.0,Female,2024-08-15,2026-07-24,33,121633,0,3685.85,29,False,
C0033,37.0,Male,2022-06-08,2025-03-23,1,1404,1,1404.0,517,False,
C0034,20.0,Female,2024-06-22,2025-10-03,44,209932,1,4771.18,323,False,
C0035,30.0,Male,2020-09-26,2026-05-15,23,10290,0,447.39,99,False,
C0036,44.0,Male,2022-05-04,2026-05-07,12,26531,0,2210.92,107,False,
C0037,56.0,Male,2022-03-28,2025-09-30,3,1284,1,428.0,326,False,
C0038,39.0,Male,2026-02-09,2026-06-04,16,25104,0,1569.0,79,False,
C0039,28.0,Male,2026-03-11,2026-07-07,10,34396,0,3439.6,46,False,
C0040,47.0,Male,2021-05-27,2025-06-17,31,158082,1,5099.42,431,False,
C0041,49.0,Male,2023-08-28,2025-12-25,13,18079,0,1390.69,240,False,
C0042,50.0,Female,2024-04-08,2026-05-05,23,44226,0,1922.87,109,False,
C0043,70.0,Female,2025-12-16,2026-02-22,42,212858,1,5068.05,181,False,
C0044,42.0,Male,2025-12-15,2026-08-08,38,144625,0,3805.92,14,False,
C0045,60.0,Male,2021-01-25,2026-01-13,35,154868,1,4424.8,221,False,
C0046,62.0,Male,2020-12-06,2025-05-22,18,69044,1,3835.78,457,False,
C0047,48.0,Male,2021-12-11,2025-04-21,19,16048,1,844.63,488,False,
C0048,25.0,Male,2022-09-24,2025-03-09,36,41922,1,1164.5,531,False,
C0049,59.0,Male,2022-03-02,2025-09-08,30,46688,0,1556.27,348,False,
C0050,66.0,Female,2021-02-26,2025-08-20,15,29805,1,1987.0,367,False,
C0051,58.0,Female,2021-11-04,2025-08-03,17,75785,1,4457.94,384,False,
C0052,71.0,Male,2025-12-10,2026-05-26,32,100125,0,3128.91,88,False,
C0053,51.0,Male,2022-01-10,2025-11-06,34,40441,0,1189.44,289,False,
C0054,47.0,Female,2023-03-14,2026-07-31,20,87596,0,4379.8,22,False,
C0055,37.0,Male,2024-09-16,2025-12-15,2,1440,1,720.0,250,False,
C0056,62.0,Female,2022-12-13,2025-12-02,21,35267,0,1679.38,263,False,
C0057,56.0,Female,2021-09-16,2025-12-26,26,118345,0,4551.73,239,False,
C0058,26.0,Female,2022-03-25,2025-10-12,42,122229,1,2910.21,314,False,
C0059,51.0,Female,2025-08-30,2025-09-09,35,130963,0,3741.8,347,False,
C0060,59.0,Female,2025-10-03,2026-06-25,14,47605,0,3400.36,58,False,
C0061,60.0,Male,2021-12-02,2025-11-19,35,66762,1,1907.49,276,False,
C0062,35.0,Male,2021-02-23,2025-12-20,28,36439,0,1301.39,245,False,
C0063,65.0,Female,2022-11-28,2026-02-28,13,44958,1,3458.31,175,False,
C0064,57.0,Female,2025-08-20,2026-02-14,37,129125,0,3489.86,189,False,
C0065,54.0,Male,2025-10-11,2026-01-24,6,25095,0,4182.5,210,False,
C0066,73.0,Male,2026-01-20,2026-01-24,33,92336,1,2798.06,210,False,
C0067,21.0,Male,2025-05-30,2025-09-30,7,5442,1,777.43,326,False,
C0068,53.0,Female,2020-09-02,2025-05-15,9,23229,0,2581.0,464,False,
C0069,40.0,Male,2020-09-12,2026-03-20,6,27795,0,4632.5,155,False,
C0070,50.0,Female,2021-03-14,2025-08-16,26,70875,1,2725.96,371,False,
C0071,73.0,Male,2021-06-13,2025-10-26,26,20230,0,778.08,300,False,
C0072,30.0,Male,2022-12-04,2025-03-25,29,34644,1,1194.62,515,False,
C0073,38.0,Female,2025-05-29,2025-12-25,29,75754,0,2612.21,240,False,
C0074,19.0,Female,2023-05-09,2026-07-17,16,73340,1,4583.75,36,False,
C0075,71.0,Male,2022-07-03,2026-01-01,20,28942,1,1447.1,233,False,
C0076,39.0,Male,2023-03-06,2025-07-17,32,14313,0,447.28,401,False,
C0077,49.0,Female,2024-06-20,2025-09-01,31,71834,0,2317.23,355,False,
C0078,55.0,Female,2023-06-13,2026-05-29,7,9384,0,1340.57,85,False,
C0079,53.0,Female,2025-11-26,2026-01-25,40,34470,1,861.75,209,False,
C0080,74.0,Female,2020-10-18,2025-06-01,29,128312,0,4424.55,447,False,
C0081,72.0,Female,2025-09-02,2026-04-17,9,31000,0,3444.44,127,False,
C0082,27.0,Female,2024-08-29,2025-06-07,29,36892,1,1272.14,441,False,
C0083,71.0,Male,2025-10-19,2026-01-03,20,73247,0,3662.35,231,False,
C0084,32.0,Female,2023-05-24,2026-04-09,42,185189,1,4409.26,135,False,
C0085,68.0,Female,2024-01-31,2026-03-09,42,176006,1,4190.62,166,False,
C0086,24.0,Female,2020-11-14,2025-09-28,43,98539,1,2291.6,328,False,
C0087,34.0,Male,2026-02-12,2026-07-23,8,19189,0,2398.62,30,False,
C0088,75.0,Female,2021-11-21,2025-12-18,12,17317,1,1443.08,247,False,
C0089,46.0,Male,2020-11-24,2025-05-07,36,147888,1,4108.0,472,False,
C0090,52.0,Male,2021-04-28,2026-05-04,8,9107,0,1138.38,110,False,
C0091,49.0,Female,2026-02-08,2026-07-31,13,53876,0,4144.31,22,False,
C0092,52.0,Male,2022-04-05,2025-03-21,31,116050,1,3743.55,519,False,
C0093,65.0,Male,2022-12-27,2026-02-19,45,29469,0,654.87,184,False,
C0094,23.0,Female,2021-03-28,2025-12-02,6,8467,1,1411.17,263,False,
C0095,43.0,Male,2023-05-09,2025-04-19,19,68497,1,3605.11,490,False,
C0096,56.0,Male,2022-10-10,2026-05-15,5,12131,0,2426.2,99,False,
C0097,18.0,Female,2023-12-21,2025-06-18,26,40603,1,1561.65,430,False,
C0098,21.0,Male,2025-03-26,2026-01-30,36,127063,0,3529.53,204,False,
C0099,32.0,Male,2023-07-20,2026-01-15,31,142005,0,4580.81,219,False,
C0100,52.0,Female,2024-01-05,2025-09-16,23,28651,0,1245.7,340,False,
