交易編號,日期,星期類型,門市,商品,商品類別,單價,數量,交易金額
CF20260001,2026-05-01,平日,站前門市,美式咖啡,咖啡,80,2,160
CF20260002,2026-05-06,平日,站前門市,拿鐵咖啡,咖啡,110,2,220
CF20260003,2026-05-11,平日,站前門市,冷萃咖啡,咖啡,120,2,240
CF20260004,2026-05-16,假日,站前門市,伯爵鮮奶茶,茶飲,100,3,300
CF20260005,2026-05-21,平日,中山門市,抹茶歐蕾,茶飲,120,2,240
CF20260006,2026-05-26,平日,中山門市,原味可頌,烘焙點心,75,1,75
CF20260007,2026-05-31,假日,中山門市,火腿起司三明治,輕食,125,2,250
CF20260008,2026-06-06,假日,文化門市,焦糖瑪奇朵,咖啡,130,3,390
CF20260009,2026-06-11,平日,文化門市,冷萃咖啡,咖啡,120,3,360
CF20260010,2026-06-16,平日,海安門市,原味可頌,烘焙點心,75,1,75
CF20260011,2026-06-21,假日,站前門市,檸檬氣泡飲,其他飲品,95,2,190
CF20260012,2026-06-26,平日,站前門市,藍莓乳酪蛋糕,甜點,140,2,280
CF20260013,2026-07-01,平日,站前門市,美式咖啡,咖啡,80,2,160
CF20260014,2026-07-06,平日,站前門市,拿鐵咖啡,咖啡,110,2,220
CF20260015,2026-07-12,假日,中山門市,拿鐵咖啡,咖啡,110,1,110
CF20260016,2026-07-17,平日,中山門市,焦糖瑪奇朵,咖啡,130,1,130
CF20260017,2026-07-22,平日,中山門市,伯爵鮮奶茶,茶飲,100,2,200
CF20260018,2026-07-27,平日,文化門市,火腿起司三明治,輕食,125,3,375
CF20260019,2026-05-01,平日,文化門市,美式咖啡,咖啡,80,3,240
CF20260020,2026-05-06,平日,海安門市,焦糖瑪奇朵,咖啡,130,1,130
CF20260021,2026-05-11,平日,站前門市,拿鐵咖啡,咖啡,110,2,220
CF20260022,2026-05-17,假日,站前門市,冷萃咖啡,咖啡,120,3,360
CF20260023,2026-05-22,平日,站前門市,抹茶歐蕾,茶飲,120,2,240
CF20260024,2026-05-27,平日,站前門市,原味可頌,烘焙點心,75,2,150
CF20260025,2026-06-01,平日,中山門市,原味可頌,烘焙點心,75,2,150
CF20260026,2026-06-06,假日,中山門市,火腿起司三明治,輕食,125,1,125
CF20260027,2026-06-11,平日,中山門市,拿鐵咖啡,咖啡,110,1,110
CF20260028,2026-06-16,平日,文化門市,伯爵鮮奶茶,茶飲,100,3,300
CF20260029,2026-06-22,平日,文化門市,檸檬氣泡飲,其他飲品,95,3,285
CF20260030,2026-06-27,假日,海安門市,火腿起司三明治,輕食,125,1,125
CF20260031,2026-07-02,平日,站前門市,藍莓乳酪蛋糕,甜點,140,2,280
CF20260032,2026-07-07,平日,站前門市,美式咖啡,咖啡,80,2,160
CF20260033,2026-07-12,假日,站前門市,拿鐵咖啡,咖啡,110,2,220
CF20260034,2026-07-17,平日,站前門市,焦糖瑪奇朵,咖啡,130,2,260
CF20260035,2026-07-22,平日,中山門市,冷萃咖啡,咖啡,120,1,120
CF20260036,2026-07-28,平日,中山門市,伯爵鮮奶茶,茶飲,100,1,100
CF20260037,2026-05-02,假日,中山門市,檸檬氣泡飲,其他飲品,95,3,285
CF20260038,2026-05-07,平日,文化門市,美式咖啡,咖啡,80,3,240
CF20260039,2026-05-12,平日,文化門市,拿鐵咖啡,咖啡,110,3,330
CF20260040,2026-05-17,假日,海安門市,伯爵鮮奶茶,茶飲,100,2,200
CF20260041,2026-05-22,平日,站前門市,冷萃咖啡,咖啡,120,2,240
CF20260042,2026-05-27,平日,站前門市,抹茶歐蕾,茶飲,120,2,240
CF20260043,2026-06-02,平日,站前門市,原味可頌,烘焙點心,75,2,150
CF20260044,2026-06-07,假日,站前門市,火腿起司三明治,輕食,125,2,250
CF20260045,2026-06-12,平日,中山門市,美式咖啡,咖啡,80,2,160
CF20260046,2026-06-17,平日,中山門市,拿鐵咖啡,咖啡,110,1,110
CF20260047,2026-06-22,平日,中山門市,焦糖瑪奇朵,咖啡,130,1,130
CF20260048,2026-06-27,假日,文化門市,檸檬氣泡飲,其他飲品,95,3,285
CF20260049,2026-07-02,平日,文化門市,藍莓乳酪蛋糕,甜點,140,3,420
CF20260050,2026-07-08,平日,海安門市,拿鐵咖啡,咖啡,110,1,110
CF20260051,2026-07-13,平日,站前門市,美式咖啡,咖啡,80,2,160
CF20260052,2026-07-18,假日,站前門市,拿鐵咖啡,咖啡,110,3,330
CF20260053,2026-07-23,平日,站前門市,焦糖瑪奇朵,咖啡,130,2,260
CF20260054,2026-07-28,平日,站前門市,伯爵鮮奶茶,茶飲,100,2,200
CF20260055,2026-05-02,假日,中山門市,伯爵鮮奶茶,茶飲,100,2,200
CF20260056,2026-05-07,平日,中山門市,原味可頌,烘焙點心,75,1,75
CF20260057,2026-05-13,平日,中山門市,火腿起司三明治,輕食,125,2,250
CF20260058,2026-05-18,平日,文化門市,拿鐵咖啡,咖啡,110,3,330
CF20260059,2026-05-23,假日,文化門市,冷萃咖啡,咖啡,120,3,360
CF20260060,2026-05-28,平日,海安門市,檸檬氣泡飲,其他飲品,95,1,95
CF20260061,2026-06-02,平日,站前門市,抹茶歐蕾,茶飲,120,2,240
CF20260062,2026-06-07,假日,站前門市,原味可頌,烘焙點心,75,2,150
CF20260063,2026-06-12,平日,站前門市,火腿起司三明治,輕食,125,2,250
CF20260064,2026-06-18,平日,站前門市,拿鐵咖啡,咖啡,110,2,220
CF20260065,2026-06-23,平日,中山門市,拿鐵咖啡,咖啡,110,2,220
CF20260066,2026-06-28,假日,中山門市,焦糖瑪奇朵,咖啡,130,1,130
CF20260067,2026-07-03,平日,中山門市,冷萃咖啡,咖啡,120,1,120
CF20260068,2026-07-08,平日,文化門市,藍莓乳酪蛋糕,甜點,140,3,420
CF20260069,2026-07-13,平日,文化門市,美式咖啡,咖啡,80,3,240
CF20260070,2026-07-18,假日,海安門市,焦糖瑪奇朵,咖啡,130,2,260
CF20260071,2026-07-24,平日,站前門市,拿鐵咖啡,咖啡,110,2,220
CF20260072,2026-07-29,平日,站前門市,冷萃咖啡,咖啡,120,2,240
CF20260073,2026-05-03,假日,站前門市,伯爵鮮奶茶,茶飲,100,3,300
CF20260074,2026-05-08,平日,站前門市,檸檬氣泡飲,其他飲品,95,2,190
CF20260075,2026-05-13,平日,中山門市,原味可頌,烘焙點心,75,1,75
CF20260076,2026-05-18,平日,中山門市,火腿起司三明治,輕食,125,1,125
CF20260077,2026-05-23,假日,中山門市,美式咖啡,咖啡,80,2,160
CF20260078,2026-05-29,平日,文化門市,冷萃咖啡,咖啡,120,3,360
CF20260079,2026-06-03,平日,文化門市,抹茶歐蕾,茶飲,120,3,360
CF20260080,2026-06-08,平日,海安門市,火腿起司三明治,輕食,125,1,125
CF20260081,2026-06-13,假日,站前門市,藍莓乳酪蛋糕,甜點,140,2,280
CF20260082,2026-06-18,平日,站前門市,美式咖啡,咖啡,80,2,160
CF20260083,2026-06-23,平日,站前門市,拿鐵咖啡,咖啡,110,2,220
CF20260084,2026-06-28,假日,站前門市,焦糖瑪奇朵,咖啡,130,2,260
CF20260085,2026-07-04,假日,中山門市,焦糖瑪奇朵,咖啡,130,3,390
CF20260086,2026-07-09,平日,中山門市,伯爵鮮奶茶,茶飲,100,1,100
CF20260087,2026-07-14,平日,中山門市,檸檬氣泡飲,其他飲品,95,1,95
CF20260088,2026-07-19,假日,文化門市,美式咖啡,咖啡,80,4,320
CF20260089,2026-07-24,平日,文化門市,拿鐵咖啡,咖啡,110,3,330
CF20260090,2026-07-29,平日,海安門市,冷萃咖啡,咖啡,120,1,120
CF20260091,2026-05-03,假日,站前門市,冷萃咖啡,咖啡,120,3,360
CF20260092,2026-05-09,假日,站前門市,伯爵鮮奶茶,茶飲,100,2,200
CF20260093,2026-05-14,平日,站前門市,原味可頌,烘焙點心,75,2,150
CF20260094,2026-05-19,平日,站前門市,火腿起司三明治,輕食,125,2,250
CF20260095,2026-05-24,假日,中山門市,火腿起司三明治,輕食,125,1,125
CF20260096,2026-05-29,平日,中山門市,美式咖啡,咖啡,80,1,80
CF20260097,2026-06-03,平日,中山門市,拿鐵咖啡,咖啡,110,2,220
CF20260098,2026-06-08,平日,文化門市,抹茶歐蕾,茶飲,120,3,360
CF20260099,2026-06-14,假日,文化門市,原味可頌,烘焙點心,75,3,225
CF20260100,2026-06-19,平日,海安門市,美式咖啡,咖啡,80,1,80
