案件編號,建立日期,問題類型,問題描述,客服人員,處理狀態,處理時間(分鐘),聯絡管道,客戶滿意度
CS20260001,2026-06-01,配送延遲,訂單超過預計日期仍未送達,王小婷,未解決,25,線上文字客服,
CS20260002,2026-06-11,配送延遲,訂單超過預計日期仍未送達,張雅雯,已解決,52,社群私訊,4
CS20260003,2026-06-21,配送延遲,訂單超過預計日期仍未送達,林志豪,已解決,81,電子郵件,3
CS20260004,2026-07-01,配送延遲,訂單超過預計日期仍未送達,李佳穎,已解決,48,電話,5
CS20260005,2026-07-11,配送延遲,訂單超過預計日期仍未送達,陳冠宇,已解決,73,線上文字客服,4
CS20260006,2026-07-21,配送延遲,訂單超過預計日期仍未送達,王小婷,已解決,41,社群私訊,5
CS20260007,2026-07-31,配送延遲,訂單超過預計日期仍未送達,張雅雯,已解決,68,電子郵件,4
CS20260008,2026-08-10,配送延遲,訂單超過預計日期仍未送達,林志豪,未解決,60,電話,
CS20260009,2026-08-20,配送延遲,訂單超過預計日期仍未送達,李佳穎,已解決,64,線上文字客服,4
CS20260010,2026-06-07,配送延遲,訂單超過預計日期仍未送達,陳冠宇,已解決,52,社群私訊,4
CS20260011,2026-06-17,配送延遲,訂單超過預計日期仍未送達,王小婷,已解決,57,電子郵件,4
CS20260012,2026-06-27,配送延遲,訂單超過預計日期仍未送達,張雅雯,已解決,47,電話,5
CS20260013,2026-07-07,配送延遲,訂單超過預計日期仍未送達,林志豪,已解決,76,線上文字客服,3
CS20260014,2026-07-17,配送延遲,訂單超過預計日期仍未送達,李佳穎,已解決,43,社群私訊,5
CS20260015,2026-07-27,配送延遲,訂單超過預計日期仍未送達,陳冠宇,未解決,68,電子郵件,
CS20260016,2026-08-06,配送延遲,訂單超過預計日期仍未送達,王小婷,已解決,36,電話,5
CS20260017,2026-08-16,配送延遲,訂單超過預計日期仍未送達,張雅雯,已解決,63,線上文字客服,4
CS20260018,2026-06-03,配送延遲,訂單超過預計日期仍未送達,林志豪,已解決,55,社群私訊,4
CS20260019,2026-06-13,配送延遲,訂單超過預計日期仍未送達,李佳穎,已解決,59,電子郵件,4
CS20260020,2026-06-23,配送延遲,訂單超過預計日期仍未送達,陳冠宇,已解決,47,電話,5
CS20260021,2026-07-03,配送延遲,訂單超過預計日期仍未送達,王小婷,已解決,52,線上文字客服,4
CS20260022,2026-07-13,配送延遲,訂單超過預計日期仍未送達,張雅雯,未解決,42,社群私訊,
CS20260023,2026-07-23,配送延遲,訂單超過預計日期仍未送達,林志豪,已解決,71,電子郵件,4
CS20260024,2026-08-02,配送延遲,訂單超過預計日期仍未送達,李佳穎,已解決,38,電話,5
CS20260025,2026-08-12,配送延遲,訂單超過預計日期仍未送達,陳冠宇,已解決,63,線上文字客服,4
CS20260026,2026-08-22,配送延遲,訂單超過預計日期仍未送達,王小婷,已解決,31,社群私訊,5
CS20260027,2026-06-09,配送延遲,訂單超過預計日期仍未送達,張雅雯,已解決,58,電子郵件,4
CS20260028,2026-06-19,配送延遲,訂單超過預計日期仍未送達,林志豪,已解決,50,電話,4
CS20260029,2026-06-29,退款退貨,申請退貨或查詢退款進度,張雅雯,未解決,68,線上文字客服,
CS20260030,2026-07-09,退款退貨,申請退貨或查詢退款進度,林志豪,已解決,97,社群私訊,3
CS20260031,2026-07-19,退款退貨,申請退貨或查詢退款進度,李佳穎,已解決,64,電子郵件,4
CS20260032,2026-07-29,退款退貨,申請退貨或查詢退款進度,陳冠宇,已解決,89,電話,3
CS20260033,2026-08-08,退款退貨,申請退貨或查詢退款進度,王小婷,已解決,57,線上文字客服,4
CS20260034,2026-08-18,退款退貨,申請退貨或查詢退款進度,張雅雯,已解決,84,社群私訊,3
CS20260035,2026-06-05,退款退貨,申請退貨或查詢退款進度,林志豪,已解決,76,電子郵件,3
CS20260036,2026-06-15,退款退貨,申請退貨或查詢退款進度,李佳穎,已解決,80,電話,3
CS20260037,2026-06-25,退款退貨,申請退貨或查詢退款進度,陳冠宇,未解決,68,線上文字客服,
CS20260038,2026-07-05,退款退貨,申請退貨或查詢退款進度,王小婷,已解決,73,社群私訊,4
CS20260039,2026-07-15,退款退貨,申請退貨或查詢退款進度,張雅雯,已解決,63,電子郵件,4
CS20260040,2026-07-25,退款退貨,申請退貨或查詢退款進度,林志豪,已解決,92,電話,3
CS20260041,2026-08-04,退款退貨,申請退貨或查詢退款進度,李佳穎,已解決,59,線上文字客服,4
CS20260042,2026-08-14,退款退貨,申請退貨或查詢退款進度,陳冠宇,已解決,84,社群私訊,3
CS20260043,2026-06-01,退款退貨,申請退貨或查詢退款進度,王小婷,已解決,52,電子郵件,4
CS20260044,2026-06-11,退款退貨,申請退貨或查詢退款進度,張雅雯,已解決,79,電話,3
CS20260045,2026-06-21,退款退貨,申請退貨或查詢退款進度,林志豪,未解決,71,線上文字客服,
CS20260046,2026-07-01,退款退貨,申請退貨或查詢退款進度,李佳穎,已解決,75,社群私訊,3
CS20260047,2026-07-11,退款退貨,申請退貨或查詢退款進度,陳冠宇,已解決,63,電子郵件,4
CS20260048,2026-07-21,退款退貨,申請退貨或查詢退款進度,王小婷,已解決,68,電話,4
CS20260049,2026-06-01,商品瑕疵,收到商品後發現破損或功能異常,張雅雯,未解決,73,線上文字客服,
CS20260050,2026-06-11,商品瑕疵,收到商品後發現破損或功能異常,林志豪,已解決,102,社群私訊,2
CS20260051,2026-06-21,商品瑕疵,收到商品後發現破損或功能異常,李佳穎,已解決,69,電子郵件,4
CS20260052,2026-07-01,商品瑕疵,收到商品後發現破損或功能異常,陳冠宇,已解決,94,電話,3
CS20260053,2026-07-11,商品瑕疵,收到商品後發現破損或功能異常,王小婷,已解決,62,線上文字客服,4
CS20260054,2026-07-21,商品瑕疵,收到商品後發現破損或功能異常,張雅雯,已解決,89,社群私訊,3
CS20260055,2026-07-31,商品瑕疵,收到商品後發現破損或功能異常,林志豪,已解決,81,電子郵件,3
CS20260056,2026-08-10,商品瑕疵,收到商品後發現破損或功能異常,李佳穎,已解決,85,電話,3
CS20260057,2026-08-20,商品瑕疵,收到商品後發現破損或功能異常,陳冠宇,已解決,73,線上文字客服,4
CS20260058,2026-06-07,商品瑕疵,收到商品後發現破損或功能異常,王小婷,未解決,78,社群私訊,
CS20260059,2026-06-17,商品瑕疵,收到商品後發現破損或功能異常,張雅雯,已解決,68,電子郵件,4
CS20260060,2026-06-27,商品瑕疵,收到商品後發現破損或功能異常,林志豪,已解決,97,電話,3
CS20260061,2026-07-07,商品瑕疵,收到商品後發現破損或功能異常,李佳穎,已解決,64,線上文字客服,4
CS20260062,2026-07-17,商品瑕疵,收到商品後發現破損或功能異常,陳冠宇,已解決,89,社群私訊,3
CS20260063,2026-07-27,商品瑕疵,收到商品後發現破損或功能異常,王小婷,已解決,57,電子郵件,4
CS20260064,2026-08-06,商品瑕疵,收到商品後發現破損或功能異常,張雅雯,已解決,84,電話,3
CS20260065,2026-08-16,商品瑕疵,收到商品後發現破損或功能異常,林志豪,已解決,76,線上文字客服,3
CS20260066,2026-07-06,付款問題,付款失敗或重複扣款,王小婷,已解決,29,電話,5
CS20260067,2026-07-16,付款問題,付款失敗或重複扣款,張雅雯,已解決,56,線上文字客服,4
CS20260068,2026-07-26,付款問題,付款失敗或重複扣款,林志豪,已解決,48,社群私訊,5
CS20260069,2026-08-05,付款問題,付款失敗或重複扣款,李佳穎,已解決,52,電子郵件,4
CS20260070,2026-08-15,付款問題,付款失敗或重複扣款,陳冠宇,已解決,40,電話,5
CS20260071,2026-06-02,付款問題,付款失敗或重複扣款,王小婷,已解決,45,線上文字客服,5
CS20260072,2026-06-12,付款問題,付款失敗或重複扣款,張雅雯,已解決,35,社群私訊,5
CS20260073,2026-06-22,付款問題,付款失敗或重複扣款,林志豪,已解決,64,電子郵件,4
CS20260074,2026-07-02,付款問題,付款失敗或重複扣款,李佳穎,已解決,31,電話,5
CS20260075,2026-07-12,付款問題,付款失敗或重複扣款,陳冠宇,已解決,56,線上文字客服,4
CS20260076,2026-07-22,付款問題,付款失敗或重複扣款,王小婷,已解決,24,社群私訊,5
CS20260077,2026-08-01,付款問題,付款失敗或重複扣款,張雅雯,已解決,51,電子郵件,4
CS20260078,2026-08-11,付款問題,付款失敗或重複扣款,林志豪,已解決,43,電話,5
CS20260079,2026-08-21,付款問題,付款失敗或重複扣款,李佳穎,已解決,47,線上文字客服,5
CS20260080,2026-07-20,帳號登入,無法登入或忘記密碼,李佳穎,已解決,27,社群私訊,5
CS20260081,2026-07-30,帳號登入,無法登入或忘記密碼,陳冠宇,已解決,52,電子郵件,4
CS20260082,2026-08-09,帳號登入,無法登入或忘記密碼,王小婷,已解決,20,電話,5
CS20260083,2026-08-19,帳號登入,無法登入或忘記密碼,張雅雯,已解決,47,線上文字客服,5
CS20260084,2026-06-06,帳號登入,無法登入或忘記密碼,林志豪,已解決,39,社群私訊,5
CS20260085,2026-06-16,帳號登入,無法登入或忘記密碼,李佳穎,已解決,43,電子郵件,5
CS20260086,2026-06-26,帳號登入,無法登入或忘記密碼,陳冠宇,已解決,31,電話,5
CS20260087,2026-07-06,帳號登入,無法登入或忘記密碼,王小婷,已解決,36,線上文字客服,5
CS20260088,2026-07-16,帳號登入,無法登入或忘記密碼,張雅雯,已解決,26,社群私訊,5
CS20260089,2026-07-26,帳號登入,無法登入或忘記密碼,林志豪,已解決,55,電子郵件,4
CS20260090,2026-08-05,帳號登入,無法登入或忘記密碼,李佳穎,已解決,22,電話,5
CS20260091,2026-08-15,帳號登入,無法登入或忘記密碼,陳冠宇,已解決,47,線上文字客服,5
CS20260092,2026-07-20,優惠活動,折扣碼或活動資格無法使用,林志豪,已解決,32,社群私訊,5
CS20260093,2026-07-30,優惠活動,折扣碼或活動資格無法使用,李佳穎,已解決,36,電子郵件,5
CS20260094,2026-08-09,優惠活動,折扣碼或活動資格無法使用,陳冠宇,已解決,24,電話,5
CS20260095,2026-08-19,優惠活動,折扣碼或活動資格無法使用,王小婷,已解決,29,線上文字客服,5
CS20260096,2026-06-06,優惠活動,折扣碼或活動資格無法使用,張雅雯,未解決,19,社群私訊,
CS20260097,2026-06-16,優惠活動,折扣碼或活動資格無法使用,林志豪,已解決,48,電子郵件,5
CS20260098,2026-06-26,優惠活動,折扣碼或活動資格無法使用,李佳穎,已解決,52,電話,4
CS20260099,2026-07-06,優惠活動,折扣碼或活動資格無法使用,陳冠宇,已解決,40,線上文字客服,5
CS20260100,2026-07-16,優惠活動,折扣碼或活動資格無法使用,王小婷,已解決,45,社群私訊,5
