訂單編號,日期,商品名稱,商品分類,單價,數量,銷售金額
EC05001,2026-05-04,無線藍牙耳機,3C周邊,1290,1,1290
EC05002,2026-05-11,保溫隨行杯,生活用品,580,6,3480
EC05003,2026-05-18,純棉短袖上衣,服飾配件,650,5,3250
EC05004,2026-05-25,不鏽鋼便當盒,生活用品,760,4,3040
EC05005,2026-05-04,人體工學滑鼠,3C周邊,890,3,2670
EC05006,2026-05-11,帆布托特包,服飾配件,720,2,1440
EC05007,2026-05-18,護眼閱讀燈,居家用品,1680,1,1680
EC05008,2026-05-25,機械式鍵盤,3C周邊,2380,6,14280
EC05009,2026-05-04,摺疊晴雨傘,生活用品,450,5,2250
EC05010,2026-05-11,香氛擴香組,居家香氛,980,4,3920
EC05011,2026-05-18,機械式鍵盤,3C周邊,2380,3,7140
EC05012,2026-05-25,摺疊晴雨傘,生活用品,450,2,900
EC05013,2026-05-04,香氛擴香組,居家香氛,980,1,980
EC05014,2026-05-11,無線藍牙耳機,3C周邊,1290,6,7740
EC05015,2026-05-18,保溫隨行杯,,580,5,2900
EC05016,2026-05-25,純棉短袖上衣,服飾配件,650,4,2600
EC05017,2026-05-04,不鏽鋼便當盒,生活用品,760,3,2280
EC05018,2026-05-11,人體工學滑鼠,3C周邊,890,2,1780
EC05019,2026-05-18,帆布托特包,服飾配件,720,1,720
EC05020,2026-05-25,護眼閱讀燈,居家用品,1680,6,10080
EC05021,2026-05-04,人體工學滑鼠,3C周邊,890,5,4450
EC05022,2026-05-11,帆布托特包,服飾配件,720,4,2880
EC05023,2026-05-18,護眼閱讀燈,居家用品,1680,3,5040
EC05024,2026-05-25,機械式鍵盤,3C周邊,2380,2,4760
EC05025,2026-05-04,摺疊晴雨傘,生活用品,450,1,450
EC05026,2026-05-11,香氛擴香組,居家香氛,980,6,5880
EC05027,2026-05-18,無線藍牙耳機,3C周邊,1290,5,6450
EC05028,2026-05-25,保溫隨行杯,生活用品,580,4,2320
EC05029,2026-05-04,純棉短袖上衣,服飾配件,650,3,1950
EC05030,2026-05-11,不鏽鋼便當盒,生活用品,760,2,1520
EC05031,2026-05-18,保溫隨行杯,生活用品,580,1,580
EC05032,2026-05-25,純棉短袖上衣,服飾配件,650,6,3900
EC05033,2026-05-04,不鏽鋼便當盒,生活用品,760,5,3800
EC06034,2026-06-11,人體工學滑鼠,3C周邊,890,4,3560
EC06035,2026-06-18,帆布托特包,服飾配件,720,3,2160
EC06036,2026-06-25,護眼閱讀燈,居家用品,1680,2,3360
EC06037,2026-06-04,機械式鍵盤,3C周邊,2380,1,2380
EC06038,2026-06-11,摺疊晴雨傘,生活用品,450,6,2700
EC06039,2026-06-18,香氛擴香組,居家香氛,980,5,4900
EC06040,2026-06-25,無線藍牙耳機,3C周邊,1290,4,5160
EC06041,2026-06-04,摺疊晴雨傘,生活用品,450,3,1350
EC06042,2026/06/14,香氛擴香組,居家香氛,980,2,1960
EC06043,2026-06-18,無線藍牙耳機,3C周邊,1290,1,1290
EC06044,2026-06-25,保溫隨行杯,生活用品,580,6,3480
EC06045,2026-06-04,純棉短袖上衣,服飾配件,650,5,3250
EC06046,2026-06-11,不鏽鋼便當盒,生活用品,760,4,3040
EC06047,2026-06-18,人體工學滑鼠,3C周邊,890,3,2670
EC06048,2026-06-25,帆布托特包,服飾配件,720,2,1440
EC06049,2026-06-04,護眼閱讀燈,居家用品,1680,1,1680
EC06050,2026-06-11,機械式鍵盤,3C周邊,2380,6,14280
EC06051,2026-06-18,帆布托特包,服飾配件,720,5,3600
EC06052,2026-06-25,護眼閱讀燈,居家用品,1680,4,6720
EC06053,2026-06-04,機械式鍵盤,3C周邊,2380,3,7140
EC06054,2026-06-11,摺疊晴雨傘,生活用品,450,2,900
EC06055,2026-06-18,香氛擴香組,居家香氛,980,1,980
EC06056,2026-06-25,無線藍牙耳機,3C周邊,1290,6,7740
EC06057,2026-06-04,保溫隨行杯,生活用品,580,5,2900
EC06058,2026-06-11,純棉短袖上衣,服飾配件,650,4,2600
EC06059,2026-06-18,不鏽鋼便當盒,生活用品,"1,290元",3,2580
EC06060,2026-06-25,人體工學滑鼠,3C周邊,890,2,1780
EC06061,2026-06-04,純棉短袖上衣,服飾配件,650,1,650
EC06062,2026-06-11,不鏽鋼便當盒,生活用品,760,6,4560
EC06063,2026-06-18,人體工學滑鼠,3C周邊,890,5,4450
EC06064,2026-06-25,帆布托特包,服飾配件,720,4,2880
EC06065,2026-06-04,護眼閱讀燈,居家用品,1680,3,5040
EC06066,2026-06-11,機械式鍵盤,3C周邊,2380,2,4760
EC07067,2026-07-18,摺疊晴雨傘,生活用品,450,1,450
EC07068,2026-07-25,香氛擴香組,居家香氛,980,6,5880
EC07069,2026-07-04,無線藍牙耳機,3C周邊,1290,5,6450
EC07070,2026-07-11,保溫隨行杯,生活用品,580,4,2320
EC07071,2026-07-18,香氛擴香組,居家香氛,980,3,2940
EC07072,2026-07-25,無線藍牙耳機,3C周邊,1290,2,2580
EC07073,2026-07-04,保溫隨行杯,生活用品,580,1,580
EC07074,2026-07-11,純棉短袖上衣,服飾配件,650,6,3900
EC07075,2026-07-18,不鏽鋼便當盒,生活用品,760,5,3800
EC07076,2026-07-25,人體工學滑鼠,3C周邊,890,4,3560
EC07077,2026-07-04,帆布托特包,服飾配件,720,三,2940
EC07078,2026-07-11,護眼閱讀燈,居家用品,1680,2,3360
EC07079,2026-07-18,機械式鍵盤,3C周邊,2380,1,2380
EC07080,2026-07-25,摺疊晴雨傘,生活用品,450,6,2700
EC07081,2026-07-04,護眼閱讀燈,居家用品,1680,5,8400
EC07082,2026-07-11,機械式鍵盤,3C周邊,2380,4,9520
EC07083,2026-07-18,摺疊晴雨傘,生活用品,450,3,1350
EC07084,2026-07-25,香氛擴香組,居家香氛,980,2,1960
EC07085,2026-07-04,無線藍牙耳機,3C周邊,1290,1,1290
EC07086,2026-07-11,保溫隨行杯,生活用品,580,6,3480
EC07087,2026-07-18,純棉短袖上衣,服飾配件,650,5,3250
EC07088,2026-07-25,不鏽鋼便當盒,生活用品,760,4,3040
EC07089,2026-07-04,人體工學滑鼠,3C周邊,890,3,2770
EC07090,2026-07-11,帆布托特包,服飾配件,720,2,1440
EC07091,2026-07-18,不鏽鋼便當盒,生活用品,760,1,760
EC07092,2026-07-25,人體工學滑鼠,3C周邊,890,6,5340
EC07093,2026-07-04,帆布托特包,服飾配件,720,5,3600
EC07094,2026-07-11,護眼閱讀燈,居家用品,1680,4,6720
EC07095,2026-07-18,機械式鍵盤,3C周邊,2380,3,7140
EC07096,2026-07-25,摺疊晴雨傘,生活用品,450,2,900
EC07097,2026-07-04,香氛擴香組,居家香氛,980,1,980
EC07098,2026-07-11,無線藍牙耳機,3C周邊,1290,6,7740
EC07099,2026-07-18,保溫隨行杯,生活用品,580,5,2900
EC05032,2026-05-25,純棉短袖上衣,服飾配件,650,6,3900
